ID,Legende,Description,Commentaire,Ouvrage,Auteur,Editeur,Type,Nature,Collection,Date,Siecle,Cote,Vue,Institution,Detail_institution,Lien_fiche,Num,Statut,Image,IIIF_Manifest,IIIF_Item,IIIF_Additional_Item,IIIF_region,IIIF_size,IIIF_rotation
1,ILE D'OUESSANT - Vue générale de Lampaul,,,,,,Photographie,Carte postale,Collection de cartes postales. Ouessant.,,20ème siècle,2 Fi 155/1,,AD29,Archives départementales du Finistère,https://recherche.archives.finistere.fr/archives/show/FRAD029_0000002FI_02_de-2848,OUI,VALIDE,1__2_Fi_155-1.jpg,,,,,,
2,588 - OUESSANT - Vue générale de LAMPAUL,,,,,,Photographie,Carte postale,Collection de cartes postales. Ouessant.,,20ème siècle,2 Fi 155/2,,AD29,Archives départementales du Finistère,https://recherche.archives.finistere.fr/archives/show/FRAD029_0000002FI_02_de-2849,OUI,VALIDE,2__2_Fi_155-2.jpg,,,,,,
3,573 - ILE D'OUESSANT - Vue générale,,,,,,Photographie,Carte postale,Collection de cartes postales. Ouessant.,,20ème siècle,2 Fi 155/3,,AD29,Archives départementales du Finistère,https://recherche.archives.finistere.fr/archives/show/FRAD029_0000002FI_02_de-2850,OUI,VALIDE,3__2_Fi_155-3.jpg,,,,,,
4,49. - Ouessant (Finistère). - L'Eglise et le Bourg de Lampaul,,,,,,Photographie,Carte postale,Collection de cartes postales. Ouessant.,,20ème siècle,2 Fi 155/4,,AD29,Archives départementales du Finistère,https://recherche.archives.finistere.fr/archives/show/FRAD029_0000002FI_02_de-2851,OUI,VALIDE,4__2_Fi_155-4.jpg,,,,,,
5,6 OUESSANT. - Le Bourg de Lampaul - LL,,,,,,Photographie,Carte postale,Collection de cartes postales. Ouessant.,,20ème siècle,2 Fi 155/5,,AD29,Archives départementales du Finistère,https://recherche.archives.finistere.fr/archives/show/FRAD029_0000002FI_02_de-2852,OUI,VALIDE,5__2_Fi_155-5.jpg,,,,,,
6,ILE D'OUESSANT - Eglise et Poste,,,,,,Photographie,Carte postale,Collection de cartes postales. Ouessant.,,20ème siècle,2 Fi 155/6,,AD29,Archives départementales du Finistère,https://recherche.archives.finistere.fr/archives/show/FRAD029_0000002FI_02_de-2853,OUI,VALIDE,6__2_Fi_155-6.jpg,,,,,,
7,ILE D'OUESSANT - L'Eglise,,,,,,Photographie,Carte postale,Collection de cartes postales. Ouessant.,,20ème siècle,2 Fi 155/7,,AD29,Archives départementales du Finistère,https://recherche.archives.finistere.fr/archives/show/FRAD029_0000002FI_02_de-2854,OUI,VALIDE,7__2_Fi_155-7.jpg,,,,,,
8,ILE D'OUESSANT - Sortie de Messe,,,,,,Photographie,Carte postale,Collection de cartes postales. Ouessant.,,20ème siècle,2 Fi 155/8,,AD29,Archives départementales du Finistère,https://recherche.archives.finistere.fr/archives/show/FRAD029_0000002FI_02_de-2855,OUI,VALIDE,8__2_Fi_155-8.jpg,,,,,,
9,,Procession à la chapelle de Kerber,,,,,Photographie,Carte postale,Collection de cartes postales. Ouessant.,,20ème siècle,2 Fi 155/9,,AD29,Archives départementales du Finistère,https://recherche.archives.finistere.fr/archives/show/FRAD029_0000002FI_02_de-2856,OUI,VALIDE,9__2_Fi_155-9.jpg,,,,,,
10,ILE D'OUESSANT - Vue extérieure du Port,,,,,,Photographie,Carte postale,Collection de cartes postales. Ouessant.,,20ème siècle,2 Fi 155/10,,AD29,Archives départementales du Finistère,https://recherche.archives.finistere.fr/archives/show/FRAD029_0000002FI_02_de-2857,OUI,VALIDE,10__2_Fi_155-10.jpg,,,,,,
11,ILE D'OUESSANT - Le Port intérieur,,,,,,Photographie,Carte postale,Collection de cartes postales. Ouessant.,,20ème siècle,2 Fi 155/11,,AD29,Archives départementales du Finistère,https://recherche.archives.finistere.fr/archives/show/FRAD029_0000002FI_02_de-2858,OUI,VALIDE,11__2_Fi_155-11.jpg,,,,,,
12,ILE D'OUESSANT - Le Port au Clair de Lune,,,,,,Photographie,Carte postale,Collection de cartes postales. Ouessant.,,20ème siècle,2 Fi 155/12,,AD29,Archives départementales du Finistère,https://recherche.archives.finistere.fr/archives/show/FRAD029_0000002FI_02_de-2859,OUI,VALIDE,12__2_Fi_155-12.jpg,,,,,,
13,10 OUESSANT (Finistère)→Ouessantines sur le Quai de Lampaul,,,,,,Photographie,Carte postale,Collection de cartes postales. Ouessant.,,20ème siècle,2 Fi 155/13,,AD29,Archives départementales du Finistère,https://recherche.archives.finistere.fr/archives/show/FRAD029_0000002FI_02_de-2860,OUI,VALIDE,13__2_Fi_155-13.jpg,,,,,,
14,91. OUESSANT → Port de Lampaul,,,,,,Photographie,Carte postale,Collection de cartes postales. Ouessant.,,20ème siècle,2 Fi 155/14,,AD29,Archives départementales du Finistère,https://recherche.archives.finistere.fr/archives/show/FRAD029_0000002FI_02_de-2861,OUI,VALIDE,14__2_Fi_155-14.jpg,,,,,,
15,5289. - OUESSANT - Le port de Lampaul,,,,,,Photographie,Carte postale,Collection de cartes postales. Ouessant.,,20ème siècle,2 Fi 155/15,,AD29,Archives départementales du Finistère,https://recherche.archives.finistere.fr/archives/show/FRAD029_0000002FI_02_de-2862,OUI,VALIDE,15__2_Fi_155-15.jpg,,,,,,
16,571. ILE d'OUESSANT. - Le Port,,,,,,Photographie,Carte postale,Collection de cartes postales. Ouessant.,,20ème siècle,2 Fi 155/16,,AD29,Archives départementales du Finistère,https://recherche.archives.finistere.fr/archives/show/FRAD029_0000002FI_02_de-2863,OUI,VALIDE,16__2_Fi_155-16.jpg,,,,,,
17,24. - OUESSANT (Finistère). Rocher du Corel - Baie de Lampaul,,,,,,Photographie,Carte postale,Collection de cartes postales. Ouessant.,,20ème siècle,2 Fi 155/17,,AD29,Archives départementales du Finistère,https://recherche.archives.finistere.fr/archives/show/FRAD029_0000002FI_02_de-2864,OUI,VALIDE,17__2_Fi_155-17.jpg,,,,,,
18,ILE d'OUESSANT - L'Arrivée du Vapeur au Stiff,,,,,,Photographie,Carte postale,Collection de cartes postales. Ouessant.,,20ème siècle,2 Fi 155/18,,AD29,Archives départementales du Finistère,https://recherche.archives.finistere.fr/archives/show/FRAD029_0000002FI_02_de-2865,OUI,VALIDE,18__2_Fi_155-18.jpg,,,,,,
19,"""Enez-Eussa"" - Le luxueux et rapide Paquebot du Service départemental→au mouillage de Lampaul",,,,,,Photographie,Carte postale,Collection de cartes postales. Ouessant.,,20ème siècle,2 Fi 155/19,,AD29,Archives départementales du Finistère,https://recherche.archives.finistere.fr/archives/show/FRAD029_0000002FI_02_de-2866,OUI,VALIDE,19__2_Fi_155-19.jpg,,,,,,
20,,Vue du Port de Yusin,,,,,Photographie,Carte postale,Collection de cartes postales. Ouessant.,,20ème siècle,2 Fi 155/20,,AD29,Archives départementales du Finistère,https://recherche.archives.finistere.fr/archives/show/FRAD029_0000002FI_02_de-2867,OUI,VALIDE,20__2_Fi_155-20.jpg,,,,,,
21,5294. - ILE D'OUESSANT - Le Port de Bornou,,,,,,Photographie,Carte postale,Collection de cartes postales. Ouessant.,,20ème siècle,2 Fi 155/21,,AD29,Archives départementales du Finistère,https://recherche.archives.finistere.fr/archives/show/FRAD029_0000002FI_02_de-2868,OUI,VALIDE,21__2_Fi_155-21.jpg,,,,,,
22,5308. - ILE D'OUESSANT - Le Port de Bouguezen,,,,,,Photographie,Carte postale,Collection de cartes postales. Ouessant.,,20ème siècle,2 Fi 155/22,,AD29,Archives départementales du Finistère,https://recherche.archives.finistere.fr/archives/show/FRAD029_0000002FI_02_de-2869,OUI,VALIDE,22__2_Fi_155-22.jpg,,,,,,
23,431. ILE D'OUESSANT - La Baie de Lampaul - Le Rocher - Le Corce,,,,,,Photographie,Carte postale,Collection de cartes postales. Ouessant.,,20ème siècle,2 Fi 155/23,,AD29,Archives départementales du Finistère,https://recherche.archives.finistere.fr/archives/show/FRAD029_0000002FI_02_de-2870,OUI,VALIDE,23__2_Fi_155-23.jpg,,,,,,
24,5. - ILE d'Ouessant. - Créac'h - Ancienne Cloche sous-marine,,,,,,Photographie,Carte postale,Collection de cartes postales. Ouessant.,,20ème siècle,2 Fi 155/24,,AD29,Archives départementales du Finistère,https://recherche.archives.finistere.fr/archives/show/FRAD029_0000002FI_02_de-2871,OUI,VALIDE,24__2_Fi_155-24.jpg,,,,,,
25,,Ancienne cloche sous-marine,,,,,Photographie,Carte postale,Collection de cartes postales. Ouessant.,,20ème siècle,2 Fi 155/25,,AD29,Archives départementales du Finistère,https://recherche.archives.finistere.fr/archives/show/FRAD029_0000002FI_02_de-2872,OUI,VALIDE,25__2_Fi_155-25.jpg,,,,,,
26,ILE D'OUESSANT - La Station de T.S.F. (Portée 2.000 kilomètres),,,,,,Photographie,Carte postale,Collection de cartes postales. Ouessant.,,20ème siècle,2 Fi 155/27,,AD29,Archives départementales du Finistère,https://recherche.archives.finistere.fr/archives/show/FRAD029_0000002FI_02_de-2873,OUI,VALIDE,26__2_Fi_155-27.jpg,,,,,,
27,"41. OUESSANT (Finistère). - Télégraphie sans fil→Hauteur des Pylones, 75 mètres - Ecartement 150 mètres.",,,,,,Photographie,Carte postale,Collection de cartes postales. Ouessant.,,20ème siècle,2 Fi 155/28,,AD29,Archives départementales du Finistère,https://recherche.archives.finistere.fr/archives/show/FRAD029_0000002FI_02_de-2874,OUI,VALIDE,27__2_Fi_155-28.jpg,,,,,,
28,43E ILE d'Ouessant - Pointe et phare de Créac'h,,,,,,Photographie,Carte postale,Collection de cartes postales. Ouessant.,,20ème siècle,2 Fi 155/29,,AD29,Archives départementales du Finistère,https://recherche.archives.finistere.fr/archives/show/FRAD029_0000002FI_02_de-2875,OUI,VALIDE,28__2_Fi_155-29.jpg,,,,,,
29,11 OUESSANT (Finistère) - Pointe du Créac'h : Le Phare et le Sémaphore,,,,,,Photographie,Carte postale,Collection de cartes postales. Ouessant.,,20ème siècle,2 Fi 155/30,,AD29,Archives départementales du Finistère,https://recherche.archives.finistere.fr/archives/show/FRAD029_0000002FI_02_de-2876,OUI,VALIDE,29__2_Fi_155-30.jpg,,,,,,
30,5300. - ILE D'OUESSANT. - Pointe du Créac'h - Le Phare - Le Sémaphore,,,,,,Photographie,Carte postale,Collection de cartes postales. Ouessant.,,20ème siècle,2 Fi 155/31,,AD29,Archives départementales du Finistère,https://recherche.archives.finistere.fr/archives/show/FRAD029_0000002FI_02_de-2877,OUI,VALIDE,30__2_Fi_155-31.jpg,,,,,,
31,189 - ILE D'OUESSANT - Phare et Sémaphore du Créach,,,,,,Photographie,Carte postale,Collection de cartes postales. Ouessant.,,20ème siècle,2 Fi 155/32,,AD29,Archives départementales du Finistère,https://recherche.archives.finistere.fr/archives/show/FRAD029_0000002FI_02_de-2878,OUI,VALIDE,31__2_Fi_155-32.jpg,,,,,,
32,ILE D'OUESSANT - Phare en construction,Nividic en construction vu depuis Pern,,,,,Photographie,Carte postale,Collection de cartes postales. Ouessant.,,20ème siècle,2 Fi 155/33,,AD29,Archives départementales du Finistère,https://recherche.archives.finistere.fr/archives/show/FRAD029_0000002FI_02_de-2879,OUI,VALIDE,32__2_Fi_155-33.jpg,,,,,,
33,ILE D'OUESSANT - Phare et Sémaphore du Créach,,,,,,Photographie,Carte postale,Collection de cartes postales. Ouessant.,,20ème siècle,2 Fi 155/34,,AD29,Archives départementales du Finistère,https://recherche.archives.finistere.fr/archives/show/FRAD029_0000002FI_02_de-2880,OUI,VALIDE,33__2_Fi_155-34.jpg,,,,,,
34,576. - ILE D'OUESSANT. - Phare et Sémaphore du Sud-Ouest,,,,,,Photographie,Carte postale,Collection de cartes postales. Ouessant.,,20ème siècle,2 Fi 155/35,,AD29,Archives départementales du Finistère,https://recherche.archives.finistere.fr/archives/show/FRAD029_0000002FI_02_de-2881,OUI,VALIDE,34__2_Fi_155-35.jpg,,,,,,
35,572 - ILE d'OUESSANT. - Phare du Créac'h→(Portée 50 milles)→Point le plus occidental de la côte française,,,,,,Photographie,Carte postale,Collection de cartes postales. Ouessant.,,20ème siècle,2 Fi 155/36,,AD29,Archives départementales du Finistère,https://recherche.archives.finistere.fr/archives/show/FRAD029_0000002FI_02_de-2882,OUI,VALIDE,35__2_Fi_155-36.jpg,,,,,,
36,6018 Ouessant (Finistère) - Etude de Vagues,,,,,,Photographie,Carte postale,Collection de cartes postales. Ouessant.,,20ème siècle,2 Fi 155/37,,AD29,Archives départementales du Finistère,https://recherche.archives.finistere.fr/archives/show/FRAD029_0000002FI_02_de-2883,OUI,GEOLOC_DIF,36__2_Fi_155-37.jpg,,,,,,
37,13. - OUESSANT (Finistère). Etude de Vagues,,,,,,Photographie,Carte postale,Collection de cartes postales. Ouessant.,,20ème siècle,2 Fi 155/38,,AD29,Archives départementales du Finistère,https://recherche.archives.finistere.fr/archives/show/FRAD029_0000002FI_02_de-2884,OUI,GEOLOC_DIF,37__2_Fi_155-38.jpg,,,,,,
38,436 Le Passage du courant Le Fromweur sur les côtes de l'île d'Ouessant.,,,,,,Photographie,Carte postale,Collection de cartes postales. Ouessant.,,20ème siècle,2 Fi 155/39,,AD29,Archives départementales du Finistère,https://recherche.archives.finistere.fr/archives/show/FRAD029_0000002FI_02_de-2885,OUI,GEOLOC_DIF,38__2_Fi_155-39.jpg,,,,,,
39,,,,,,,Photographie,Carte postale,Collection de cartes postales. Ouessant.,,20ème siècle,2 Fi 155/40,,AD29,Archives départementales du Finistère,https://recherche.archives.finistere.fr/archives/show/FRAD029_0000002FI_02_de-2886,NON,NON_GEOLOC,,,,,,,
40,401 OUESSANT - Les Récifs,,,,,,Photographie,Carte postale,Collection de cartes postales. Ouessant.,,20ème siècle,2 Fi 155/41,,AD29,Archives départementales du Finistère,https://recherche.archives.finistere.fr/archives/show/FRAD029_0000002FI_02_de-2887,OUI,GEOLOC_DIF,40__2_Fi_155-41.jpg,,,,,,
41,Environs de Brest. - OUESSANT. - Les Récifs - G.B.,,,,,,Photographie,Carte postale,Collection de cartes postales. Ouessant.,,20ème siècle,2 Fi 155/42,,AD29,Archives départementales du Finistère,https://recherche.archives.finistere.fr/archives/show/FRAD029_0000002FI_02_de-2888,OUI,GEOLOC_DIF,41__2_Fi_155-42.jpg,,,,,,
42,"435 ILE D'OUESSANT. - Les Récifs. - Les Terreurs, côté Nord de l'Ile",,,,,,Photographie,Carte postale,Collection de cartes postales. Ouessant.,,20ème siècle,2 Fi 155/43,,AD29,Archives départementales du Finistère,https://recherche.archives.finistere.fr/archives/show/FRAD029_0000002FI_02_de-2899,OUI,GEOLOC_POS,42__2_Fi_155-43.jpg,,,,,,
43,4. - OUESSANT (Finistère). - Les Récifs,,,,,,Photographie,Carte postale,Collection de cartes postales. Ouessant.,,20ème siècle,2 Fi 155/44,,AD29,Archives départementales du Finistère,https://recherche.archives.finistere.fr/archives/show/FRAD029_0000002FI_02_de-2890,OUI,GEOLOC_POS,43__2_Fi_155-44.jpg,,,,,,
44,6. - OUESSANT (Finistère). - Pointe de Pern,,,,,,Photographie,Carte postale,Collection de cartes postales. Ouessant.,,20ème siècle,2 Fi 155/45,,AD29,Archives départementales du Finistère,https://recherche.archives.finistere.fr/archives/show/FRAD029_0000002FI_02_de-2891,OUI,GEOLOC_POS,44__2_Fi_155-45.jpg,,,,,,
45,5296. - ILE D'OUESSANT. - La Pointe de Pern,,,,,,Photographie,Carte postale,Collection de cartes postales. Ouessant.,,20ème siècle,2 Fi 155/46,,AD29,Archives départementales du Finistère,https://recherche.archives.finistere.fr/archives/show/FRAD029_0000002FI_02_de-2892,OUI,VALIDE,45__2_Fi_155-46.jpg,,,,,,
46,"ILE D'OUESSANT - Récifs du Pern, redoutés des navigateurs",,,,,,Photographie,Carte postale,Collection de cartes postales. Ouessant.,,20ème siècle,2 Fi 155/47,,AD29,Archives départementales du Finistère,https://recherche.archives.finistere.fr/archives/show/FRAD029_0000002FI_02_de-2893,OUI,GEOLOC_POS,46__2_Fi_155-47.jpg,,,,,,
47,ILE D'OUESSANT - Effet de Vague à Pern,,,,,,Photographie,Carte postale,Collection de cartes postales. Ouessant.,,20ème siècle,2 Fi 155/48,,AD29,Archives départementales du Finistère,https://recherche.archives.finistere.fr/archives/show/FRAD029_0000002FI_02_de-2894,OUI,GEOLOC_DIF,47__2_Fi_155-48.jpg,,,,,,
48,Ile d'OUESSANT - 154 - Les Récifs,,,,,,Photographie,Carte postale,Collection de cartes postales. Ouessant.,,20ème siècle,2 Fi 155/49,,AD29,Archives départementales du Finistère,https://recherche.archives.finistere.fr/archives/show/FRAD029_0000002FI_02_de-2895,OUI,GEOLOC_POS,48__2_Fi_155-49.jpg,,,,,,
49,5310. Ile d'Ouessant - Kernonen,,,,,,Photographie,Carte postale,Collection de cartes postales. Ouessant.,,20ème siècle,2 Fi 155/50,,AD29,Archives départementales du Finistère,https://recherche.archives.finistere.fr/archives/show/FRAD029_0000002FI_02_de-2896,OUI,VALIDE,49__2_Fi_155-50.jpg,,,,,,
50,54. - OUESSANT (Finistère). - Pont naturel de Talgrac'h,,,,,,Photographie,Carte postale,Collection de cartes postales. Ouessant.,,20ème siècle,2 Fi 155/51,,AD29,Archives départementales du Finistère,https://recherche.archives.finistere.fr/archives/show/FRAD029_0000002FI_02_de-2897,OUI,VALIDE,50__2_Fi_155-51.jpg,,,,,,
51,5304. Ile d'Ouessant→La Pointe de Pern - Le Cochon,,,,,,Photographie,Carte postale,Collection de cartes postales. Ouessant.,,20ème siècle,2 Fi 155/52,,AD29,Archives départementales du Finistère,https://recherche.archives.finistere.fr/archives/show/FRAD029_0000002FI_02_de-2898,OUI,GEOLOC_POS,51__2_Fi_155-52.jpg,,,,,,
52,6039 OUESSANT (Finistère) - Etude des vagues au Créac'h,,,,,,Photographie,Carte postale,Collection de cartes postales. Ouessant.,,20ème siècle,2 Fi 155/53,,AD29,Archives départementales du Finistère,https://recherche.archives.finistere.fr/archives/show/FRAD029_0000002FI_02_de-2899,OUI,GEOLOC_POS,52__2_Fi_155-53.jpg,,,,,,
53,5302. Ile d'Ouessant - Les Récifs de la Pointe du Créach,,,,,,Photographie,Carte postale,Collection de cartes postales. Ouessant.,,20ème siècle,2 Fi 155/54,,AD29,Archives départementales du Finistère,https://recherche.archives.finistere.fr/archives/show/FRAD029_0000002FI_02_de-2900,OUI,GEOLOC_POS,53__2_Fi_155-54.jpg,,,,,,
54,5301. Ile d'Ouessant - Les Récifs de la Pointe de Créac'h,,,,,,Photographie,Carte postale,Collection de cartes postales. Ouessant.,,20ème siècle,2 Fi 155/55,,AD29,Archives départementales du Finistère,https://recherche.archives.finistere.fr/archives/show/FRAD029_0000002FI_02_de-2901,OUI,GEOLOC_POS,54__2_Fi_155-55.jpg,,,,,,
55,21 ILE D'OUESSANT - Récifs de la Pointe du Créac'h,Le Lapin,,,,,Photographie,Carte postale,Collection de cartes postales. Ouessant.,,20ème siècle,2 Fi 155/56,,AD29,Archives départementales du Finistère,https://recherche.archives.finistere.fr/archives/show/FRAD029_0000002FI_02_de-2902,OUI,GEOLOC_POS,55__2_Fi_155-56.jpg,,,,,,
56,433. ILE D'OUESSANT - Les Rochers de la Pointe du Créac'h,,,,,,Photographie,Carte postale,Collection de cartes postales. Ouessant.,,20ème siècle,2 Fi 155/57,,AD29,Archives départementales du Finistère,https://recherche.archives.finistere.fr/archives/show/FRAD029_0000002FI_02_de-2903,OUI,GEOLOC_POS,56__2_Fi_155-57.jpg,,,,,,
57,5307. Ile d'Ouessant - Vue générale de la Pointe du Créac'h,,,,,,Photographie,Carte postale,Collection de cartes postales. Ouessant.,,20ème siècle,2 Fi 155/58,,AD29,Archives départementales du Finistère,https://recherche.archives.finistere.fr/archives/show/FRAD029_0000002FI_02_de-2904,OUI,GEOLOC_POS,57__2_Fi_155-58.jpg,,,,,,
58,52. - OUESSANT (Finistère). - Rochers du Créach,,,,,,Photographie,Carte postale,Collection de cartes postales. Ouessant.,,20ème siècle,2 Fi 155/59,,AD29,Archives départementales du Finistère,https://recherche.archives.finistere.fr/archives/show/FRAD029_0000002FI_02_de-2905,OUI,VALIDE,58__2_Fi_155-59.jpg,,,,,,
59,575. - Ile d'Ouessant.  - Rochers du Stiff,Le Lapin,La légende est éronée.,,,,Photographie,Carte postale,Collection de cartes postales. Ouessant.,,20ème siècle,2 Fi 155/60,,AD29,Archives départementales du Finistère,https://recherche.archives.finistere.fr/archives/show/FRAD029_0000002FI_02_de-2906,OUI,VALIDE,59__2_Fi_155-60.jpg,,,,,,
60,ILE D'OUESSANT - Paysage du Stiff,,,,,,Photographie,Carte postale,Collection de cartes postales. Ouessant.,,20ème siècle,2 Fi 155/61,,AD29,Archives départementales du Finistère,https://recherche.archives.finistere.fr/archives/show/FRAD029_0000002FI_02_de-2907,OUI,VALIDE,60__2_Fi_155-61.jpg,,,,,,
61,ILE D'OUESSANT - Rochers de Pern par grosse Mer,,,,,,Photographie,Carte postale,Collection de cartes postales. Ouessant.,,20ème siècle,2 Fi 155/62,,AD29,Archives départementales du Finistère,https://recherche.archives.finistere.fr/archives/show/FRAD029_0000002FI_02_de-2908,OUI,GEOLOC_POS,61__2_Fi_155-62.jpg,,,,,,
62,ILE D'OUESSANT - Paysage de Pern,,,,,,Photographie,Carte postale,Collection de cartes postales. Ouessant.,,20ème siècle,2 Fi 155/63,,AD29,Archives départementales du Finistère,https://recherche.archives.finistere.fr/archives/show/FRAD029_0000002FI_02_de-2909,OUI,GEOLOC_POS,62__2_Fi_155-63.jpg,,,,,,
63,ILE D'OUESSANT - La Plage,,,,,,Photographie,Carte postale,Collection de cartes postales. Ouessant.,,20ème siècle,2 Fi 155/64,,AD29,Archives départementales du Finistère,https://recherche.archives.finistere.fr/archives/show/FRAD029_0000002FI_02_de-2910,OUI,VALIDE,63__2_Fi_155-64.jpg,,,,,,
64,1345 Un Moulin à Vent à l'Île d'Ouessant→Série des Industries Bretonnes,,,,,,Photographie,Carte postale,Collection de cartes postales. Ouessant.,,20ème siècle,2 Fi 155/82,,AD29,Archives départementales du Finistère,https://recherche.archives.finistere.fr/archives/show/FRAD029_0000002FI_02_de-2928,OUI,GEOLOC_POS,64__2_Fi_155-82.jpg,,,,,,
65,5293. - IDE D'OUESSANT - Les Petits Moulins,,,,,,Photographie,Carte postale,Collection de cartes postales. Ouessant.,,20ème siècle,2 Fi 155/83,,AD29,Archives départementales du Finistère,https://recherche.archives.finistere.fr/archives/show/FRAD029_0000002FI_02_de-2929,OUI,GEOLOC_POS,65__2_Fi_155-83.jpg,,,,,,
66,37. - Petit Moulin d'Ouessant (Finistère),,,,,,Photographie,Carte postale,Collection de cartes postales. Ouessant.,,20ème siècle,2 Fi 155/84,,AD29,Archives départementales du Finistère,https://recherche.archives.finistere.fr/archives/show/FRAD029_0000002FI_02_de-2930,OUI,GEOLOC_POS,66__2_Fi_155-84.jpg,,,,,,
67,ILE D'OUESSANT,,,,,,Photographie,Carte postale,Collection de cartes postales. Ouessant.,,20ème siècle,2 Fi 155/114,,AD29,Archives départementales du Finistère,https://recherche.archives.finistere.fr/archives/show/FRAD029_0000002FI_02_de-5288,OUI,MULTI_LOC,67__2_Fi_155-114.jpg,,,,,,
68,,Phare de Nividic,,,,,Photographie,Carte postale,Collection de cartes postales. Ouessant.,,20ème siècle,2 Fi 155/115,,AD29,Archives départementales du Finistère,https://recherche.archives.finistere.fr/archives/show/FRAD029_0000002FI_02_de-5289,OUI,VALIDE,68__2_Fi_155-115.jpg,,,,,,
69,,Pont naturel de Calgrac'h,,,,,Photographie,Carte postale,Collection de cartes postales. Ouessant.,,20ème siècle,2 Fi 155/116,,AD29,Archives départementales du Finistère,https://recherche.archives.finistere.fr/archives/show/FRAD029_0000002FI_02_de-5290,OUI,VALIDE,69__2_Fi_155-116.jpg,,,,,,
70,601. - OUESSANT (Finistère). - Le Sémaphore et le Phare du Créac'h,,,,,,Photographie,Carte postale,Collection de cartes postales. Ouessant.,,20ème siècle,2 Fi 155/117,,AD29,Archives départementales du Finistère,https://recherche.archives.finistere.fr/archives/show/FRAD029_0000002FI_02_de-5301,OUI,VALIDE,70__2_Fi_155-117.jpg,,,,,,
71,605. - OUESSANT. - Mise à l'eau du bateau de sauvetage,,,,,,Photographie,Carte postale,Collection de cartes postales. Ouessant.,,20ème siècle,2 Fi 155/118,,AD29,Archives départementales du Finistère,https://recherche.archives.finistere.fr/archives/show/FRAD029_0000002FI_02_de-5302,OUI,VALIDE,71__2_Fi_155-118.jpg,,,,,,
72,6055. - OUESSANT (Finistère). - Petit Port de Lampaul,,,,,,Photographie,Carte postale,Collection de cartes postales. Ouessant.,,20ème siècle,2 Fi 155/119,,AD29,Archives départementales du Finistère,https://recherche.archives.finistere.fr/archives/show/FRAD029_0000002FI_02_de-5303,OUI,VALIDE,72__2_Fi_155-119.jpg,,,,,,
73,6018. - Un Doué à Ouessant (Finistère),,,,,,Photographie,Carte postale,Collection de cartes postales. Ouessant.,,20ème siècle,2 Fi 155/120,,AD29,Archives départementales du Finistère,https://recherche.archives.finistere.fr/archives/show/FRAD029_0000002FI_02_de-5304,OUI,GEOLOC_DIF,73__2_Fi_155-120.jpg,,,,,,
74,6014. - OUESSANT (Finistère). - Les Casernements,,,,,,Photographie,Carte postale,Collection de cartes postales. Ouessant.,,20ème siècle,2 Fi 155/121,,AD29,Archives départementales du Finistère,https://recherche.archives.finistere.fr/archives/show/FRAD029_0000002FI_02_de-5305,OUI,VALIDE,74__2_Fi_155-121.jpg,,,,,,
75,6013. - OUESSANT (Finistère). - Etude de Vagues,,,,,,Photographie,Carte postale,Collection de cartes postales. Ouessant.,,20ème siècle,2 Fi 155/122,,AD29,Archives départementales du Finistère,https://recherche.archives.finistere.fr/archives/show/FRAD029_0000002FI_02_de-5306,OUI,GEOLOC_DIF,75__2_Fi_155-122.jpg,,,,,,
76,6026. - OUESSANT (Finistère). - Vague en panache,,,,,,Photographie,Carte postale,Collection de cartes postales. Ouessant.,,20ème siècle,2 Fi 155/123,,AD29,Archives départementales du Finistère,https://recherche.archives.finistere.fr/archives/show/FRAD029_0000002FI_02_de-5307,OUI,GEOLOC_POS,76__2_Fi_155-123.jpg,,,,,,
77,2. - OUESSANT (Finistère). - Récifs de la Pointe de Pern,,,,,,Photographie,Carte postale,Collection de cartes postales. Ouessant.,,20ème siècle,2 Fi 155/124,,AD29,Archives départementales du Finistère,https://recherche.archives.finistere.fr/archives/show/FRAD029_0000002FI_02_de-5308,OUI,GEOLOC_POS,77__2_Fi_155-124.jpg,,,,,,
78,6023. - OUESSANT (Finistère). - Pointe de Pern,Keller et Calgrac'h,,,,,Photographie,Carte postale,Collection de cartes postales. Ouessant.,,20ème siècle,2 Fi 155/125,,AD29,Archives départementales du Finistère,https://recherche.archives.finistere.fr/archives/show/FRAD029_0000002FI_02_de-5309,OUI,VALIDE,78__2_Fi_155-125.jpg,,,,,,
79,8 OUESSANT. - LE CALVAIRE ET ENFANTS D'OUESSANT. - LL,Enfants assis sur le calvaire de Parluc'hen,,,,,Photographie,Carte postale,Collection de cartes postales. Ouessant.,,20ème siècle,2 Fi 155/128,,AD29,Archives départementales du Finistère,https://recherche.archives.finistere.fr/archives/show/FRAD029_0000002FI_02_de-5343,OUI,VALIDE,79__2_Fi_155-128.jpg,,,,,,
80,,Croix de Saint-Nicolas,,,,,Photographie,Carte postale,Collection de cartes postales. Ouessant.,,20ème siècle,2 Fi 155/129,,AD29,Archives départementales du Finistère,https://recherche.archives.finistere.fr/archives/show/FRAD029_0000002FI_02_de-5344,OUI,VALIDE,80__2_Fi_155-129.jpg,,,,,,
81,574. - ILE D'OUESSANT. - Sortie de Grand'messe,,,,,,Photographie,Carte postale,Collection de cartes postales. Ouessant.,,20ème siècle,2 Fi 155/131,,AD29,Archives départementales du Finistère,https://recherche.archives.finistere.fr/archives/show/FRAD029_0000002FI_02_de-5594,OUI,VALIDE,81__2_Fi_155-131.jpg,,,,,,
82,608. - Sortie de Messe à OUESSANT (Finistère),,,,,,Photographie,Carte postale,Collection de cartes postales. Ouessant.,,20ème siècle,2 Fi 155/132,,AD29,Archives départementales du Finistère,https://recherche.archives.finistere.fr/archives/show/FRAD029_0000002FI_02_de-5595,OUI,VALIDE,82__2_Fi_155-132.jpg,,,,,,
83,23. - ILE d'OUESSANT. - Deux petites Ouessantines,,,,,,Photographie,Carte postale,Collection de cartes postales. Ouessant.,,20ème siècle,2 Fi 155/133,,AD29,Archives départementales du Finistère,https://recherche.archives.finistere.fr/archives/show/FRAD029_0000002FI_02_de-5596,OUI,VALIDE,83__2_Fi_155-133.jpg,,,,,,
84,,3 moulins,,,,,Photographie,Carte postale,Collection de cartes postales. Ouessant.,,20ème siècle,2 Fi 155/134,,AD29,Archives départementales du Finistère,https://recherche.archives.finistere.fr/archives/show/FRAD029_0000002FI_02_de-5597,OUI,GEOLOC_POS,84__2_Fi_155-134.jpg,,,,,,
85,Ouessant. Bâteau de Sauvetage,,,,,,Photographie,Carte postale,Collection de cartes postales. Ouessant.,,20ème siècle,2 Fi 155/135,,AD29,Archives départementales du Finistère,https://recherche.archives.finistere.fr/archives/show/FRAD029_0000002FI_02_de-5598,OUI,VALIDE,85__2_Fi_155-135.jpg,,,,,,
86,,Cale de Lampaul,,,,,Photographie,Carte postale,Collection de cartes postales. Ouessant.,,20ème siècle,2 Fi 155/136,,AD29,Archives départementales du Finistère,https://recherche.archives.finistere.fr/archives/show/FRAD029_0000002FI_02_de-5599,OUI,VALIDE,86__2_Fi_155-136.jpg,,,,,,
87,,Moulin vers le Créac'h,,,,,Photographie,Carte postale,Collection de cartes postales. Ouessant.,,20ème siècle,2 Fi 155/137,,AD29,Archives départementales du Finistère,https://recherche.archives.finistere.fr/archives/show/FRAD029_0000002FI_02_de-5600,OUI,GEOLOC_POS,87__2_Fi_155-137.jpg,,,,,,
88,,Vue aérienne du bourg,,,,,Photographie,Carte postale,Collection de cartes postales. Ouessant.,,20ème siècle,2 Fi 155/138,,AD29,Archives départementales du Finistère,https://recherche.archives.finistere.fr/archives/show/FRAD029_0000002FI_02_de-5601,OUI,VALIDE,88__2_Fi_155-138.jpg,,,,,,
89,,Intérieur du port,,,,,Photographie,Carte postale,Collection de cartes postales. Ouessant.,,20ème siècle,2 Fi 155/139,,AD29,Archives départementales du Finistère,https://recherche.archives.finistere.fr/archives/show/FRAD029_0000002FI_02_de-5602,OUI,VALIDE,89__2_Fi_155-139.jpg,,,,,,
90,,Le bourg depuis le Goubars,,,,,Photographie,Carte postale,Collection de cartes postales. Ouessant.,,20ème siècle,2 Fi 155/140,,AD29,Archives départementales du Finistère,https://recherche.archives.finistere.fr/archives/show/FRAD029_0000002FI_02_de-5603,OUI,VALIDE,90__2_Fi_155-140.jpg,,,,,,
91,,Port du Stiff,,,,,Photographie,Carte postale,Collection de cartes postales. Ouessant.,,20ème siècle,2 Fi 155/141,,AD29,Archives départementales du Finistère,https://recherche.archives.finistere.fr/archives/show/FRAD029_0000002FI_02_de-5604,OUI,VALIDE,91__2_Fi_155-141.jpg,,,,,,
92,,Plage de Korz,,,,,Photographie,Carte postale,Collection de cartes postales. Ouessant.,,20ème siècle,2 Fi 155/142,,AD29,Archives départementales du Finistère,https://recherche.archives.finistere.fr/archives/show/FRAD029_0000002FI_02_de-5605,OUI,VALIDE,92__2_Fi_155-142.jpg,,,,,,
93,,Vue aérienne du phare du Stiff,,,,,Photographie,Carte postale,Collection de cartes postales. Ouessant.,v. 1950-1960,20ème siècle,2 Fi 155/143,,AD29,Archives départementales du Finistère,https://recherche.archives.finistere.fr/archives/show/FRAD029_0000002FI_02_de-5606,OUI,VALIDE,93__2_Fi_155-143.jpg,,,,,,
94,,Vue aérienne du phare du Créac'h,,,,,Photographie,Carte postale,Collection de cartes postales. Ouessant.,,20ème siècle,2 Fi 155/144,,AD29,Archives départementales du Finistère,https://recherche.archives.finistere.fr/archives/show/FRAD029_0000002FI_02_de-5607,OUI,VALIDE,94__2_Fi_155-144.jpg,,,,,,
95,,Vue du phare du Créac'h depuis la cloche sous-marine,,,,,Photographie,Carte postale,Collection de cartes postales. Ouessant.,,20ème siècle,2 Fi 155/145,,AD29,Archives départementales du Finistère,https://recherche.archives.finistere.fr/archives/show/FRAD029_0000002FI_02_de-5608,OUI,VALIDE,95__2_Fi_155-145.jpg,,,,,,
96,,Moulin ???,,,,,Photographie,Carte postale,Collection de cartes postales. Ouessant.,,20ème siècle,2 Fi 155/146,,AD29,Archives départementales du Finistère,https://recherche.archives.finistere.fr/archives/show/FRAD029_0000002FI_02_de-5609,OUI,GEOLOC_POS,96__2_Fi_155-146.jpg,,,,,,
97,OUESSANT L'île bretonne des naufrages,,,,,,Dessin,Carte postale,Collection de cartes postales. Ouessant.,,20ème siècle,2 Fi 155/147,,AD29,Archives départementales du Finistère,https://recherche.archives.finistere.fr/archives/show/FRAD029_0000002FI_02_de-5610,OUI,NON_GEOLOC,97__2_Fi_155-147.jpg,,,,,,
98,,Moutons à Keruel,,,,,Photographie,Carte postale,Collection de cartes postales. Ouessant.,,20ème siècle,2 Fi 155/148,,AD29,Archives départementales du Finistère,https://recherche.archives.finistere.fr/archives/show/FRAD029_0000002FI_02_de-5611,OUI,VALIDE,98__2_Fi_155-148.jpg,,,,,,
99,,Intérieur du port,,,,,Photographie,Carte postale,Collection de cartes postales. Ouessant.,,20ème siècle,2 Fi 155/149,,AD29,Archives départementales du Finistère,https://recherche.archives.finistere.fr/archives/show/FRAD029_0000002FI_02_de-5612,OUI,VALIDE,99__2_Fi_155-149.jpg,,,,,,
100,,Urne à Proella,,,,,Photographie,Carte postale,Collection de cartes postales. Ouessant.,,20ème siècle,2 Fi 155/150,,AD29,Archives départementales du Finistère,https://recherche.archives.finistere.fr/archives/show/FRAD029_0000002FI_02_de-5613,OUI,VALIDE,100__2_Fi_155-150.jpg,,,,,,
101,,Maison ???,,,,,Photographie,Carte postale,Collection de cartes postales. Ouessant.,,20ème siècle,2 Fi 155/151,,AD29,Archives départementales du Finistère,https://recherche.archives.finistere.fr/archives/show/FRAD029_0000002FI_02_de-5614,OUI,GEOLOC_POS,101__2_Fi_155-151.jpg,,,,,,
102,,Musée du Niou,,,,,Photographie,Carte postale,Collection de cartes postales. Ouessant.,,20ème siècle,2 Fi 155/152,,AD29,Archives départementales du Finistère,https://recherche.archives.finistere.fr/archives/show/FRAD029_0000002FI_02_de-5615,OUI,VALIDE,102__2_Fi_155-152.jpg,,,,,,
103,,Moulin ???,,,,,Photographie,Carte postale,Collection de cartes postales. Ouessant.,,20ème siècle,2 Fi 155/153,,AD29,Archives départementales du Finistère,https://recherche.archives.finistere.fr/archives/show/FRAD029_0000002FI_02_de-5616,OUI,GEOLOC_POS,103__2_Fi_155-153.jpg,,,,,,
104,,Foire aux moutons du Sud à Porsguen,,,,,Photographie,Carte postale,Collection de cartes postales. Ouessant.,,20ème siècle,2 Fi 155/154,,AD29,Archives départementales du Finistère,https://recherche.archives.finistere.fr/archives/show/FRAD029_0000002FI_02_de-5617,OUI,VALIDE,104__2_Fi_155-154.jpg,,,,,,
105,,Port du Stiff,,,,,Photographie,Carte postale,Collection de cartes postales. Ouessant.,,20ème siècle,2 Fi 155/155,,AD29,Archives départementales du Finistère,https://recherche.archives.finistere.fr/archives/show/FRAD029_0000002FI_02_de-5618,OUI,VALIDE,105__2_Fi_155-155.jpg,,,,,,
106,,Port du Stiff,,,,,Photographie,Carte postale,Collection de cartes postales. Ouessant.,,20ème siècle,2 Fi 155/156,,AD29,Archives départementales du Finistère,https://recherche.archives.finistere.fr/archives/show/FRAD029_0000002FI_02_de-5619,OUI,VALIDE,106__2_Fi_155-156.jpg,,,,,,
107,,Plage de Korz,,,,,Photographie,Carte postale,Collection de cartes postales. Ouessant.,,20ème siècle,2 Fi 155/157,,AD29,Archives départementales du Finistère,https://recherche.archives.finistere.fr/archives/show/FRAD029_0000002FI_02_de-5620,OUI,VALIDE,107__2_Fi_155-157.jpg,,,,,,
108,Phare du Stiff. Ile d'Ouessant.,,,,Jules Duclos,,Photographie,,Collections de l’École nationale des ponts et chaussées,1873,19ème siècle,PH 125(21) A.13,,ENPC,Ecole nationale des ponts et chaussées,https://gallica.bnf.fr/ark:/12148/btv1b10483175s,OUI,GEOLOC_POS,,https://gallica.bnf.fr/iiif/ark:/12148/btv1b10483175s/manifest.json,1,,,,
109,Le nouveau phare de la Jument d'Ouessant,,,Le Journal de la jeunesse : nouveau recueil hebdomadaire illustré. 1er janvier 1912,,,Photographie,,Département Littérature et art,1911,20ème siècle,4-Z-28,,BNF,Bibliothèque nationale de France,https://gallica.bnf.fr/ark:/12148/bpt6k423902n/f210.item,OUI,GEOLOC_POS,,https://gallica.bnf.fr/iiif/ark:/12148/bpt6k423902n/manifest.json,210,,,,
110,OUESSANT. - Vue générale. - La Pointe du Créach,,Deux images sur la page,Brest et ses environs,Villard,"Ed. Laussedat. Quimper, Villard Photographe éditeur ",Photographie,,"Collection ""Albums de Bretagne"" de Villard",fin,19ème siècle,25 Fi 1-27,,AD29,Archives départementales du Finistère,https://recherche.archives.finistere.fr/archives/show/FRAD029_0000025FI_de-27,OUI,MULTI_LOC,,,,,,,
111,Vues générales de l'île,,,,Marcel Chevret,,Photographie aérienne oblique,,Photographies aériennes Marcel Chevret. Ouessant.,08-1985,20ème siècle,36 Fi 47,,AD29,Archives départementales du Finistère,https://recherche.archives.finistere.fr/archives/show/FRAD029_0000036FI_01_de-32,OUI,VALIDE,,,,,,,
112,"Le port et le débarcadère, et le phare du Stiff",,,,Marcel Chevret,,Photographie aérienne oblique,,Photographies aériennes Marcel Chevret. Ouessant.,08-1985,20ème siècle,36 Fi 48,,AD29,Archives départementales du Finistère,https://recherche.archives.finistere.fr/archives/show/FRAD029_0000036FI_01_de-34,OUI,VALIDE,,,,,,,
113,Le sémaphore et le phare du Stiff,,,,Marcel Chevret,,Photographie aérienne oblique,,Photographies aériennes Marcel Chevret. Ouessant.,08-1985,20ème siècle,36 Fi 49,,AD29,Archives départementales du Finistère,https://recherche.archives.finistere.fr/archives/show/FRAD029_0000036FI_01_de-35,OUI,VALIDE,,,,,,,
114,"La maison du gardien du phare du Stiff, au bord de la falaise", ,"La maison n'était pas la maison du gardien de phare mais une ancienne corne de brune, jamais utilisée et transformée en habitation.",,Marcel Chevret,,Photographie aérienne oblique,,Photographies aériennes Marcel Chevret. Ouessant.,08-1985,20ème siècle,36 Fi 50,,AD29,Archives départementales du Finistère,https://recherche.archives.finistere.fr/archives/show/FRAD029_0000036FI_01_de-36,OUI,VALIDE,,,,,,,
115,La côte en direction du phare de Creac'h,,,,Marcel Chevret,,Photographie aérienne oblique,,Photographies aériennes Marcel Chevret. Ouessant.,08-1985,20ème siècle,36 Fi 51,,AD29,Archives départementales du Finistère,https://recherche.archives.finistere.fr/archives/show/FRAD029_0000036FI_01_de-33,OUI,VALIDE,,,,,,,
116,Le phare du Creac'h,,,,Marcel Chevret,,Photographie aérienne oblique,,Photographies aériennes Marcel Chevret. Ouessant.,08-1985,20ème siècle,36 Fi 52,,AD29,Archives départementales du Finistère,https://recherche.archives.finistere.fr/archives/show/FRAD029_0000036FI_01_de-37,OUI,VALIDE,,,,,,,
117,Le phare de Nividic,,,,Marcel Chevret,,Photographie aérienne oblique,,Photographies aériennes Marcel Chevret. Ouessant.,08-1985,20ème siècle,36 Fi 53,,AD29,Archives départementales du Finistère,https://recherche.archives.finistere.fr/archives/show/FRAD029_0000036FI_01_de-38,OUI,VALIDE,,,,,,,
118,Le bourg et le port de Lampaul,,,,Marcel Chevret,,Photographie aérienne oblique,,Photographies aériennes Marcel Chevret. Ouessant.,08-1985,20ème siècle,36 Fi 54,,AD29,Archives départementales du Finistère,https://recherche.archives.finistere.fr/archives/show/FRAD029_0000036FI_01_de-39,OUI,VALIDE,,,,,,,
119,,Baie du Stiff,"Cliché issu de la boite 30, vue 4",,Paul ou Armand du Chatellier,,Photographie,Plaques de verres,Archives de Kernuz.,entre 1890 et 1911,20ème siècle,100 J,30/4,AD29,Archives départementales du Finistère,https://recherche.archives.finistere.fr/archives/show/FRAD029_00000100J_de-1667,OUI,VALIDE,,,,,,,
120,,Ouessantines sur la cale de Lampaul,"Cliché issu de la boite 30, vue 5",,Paul ou Armand du Chatellier,,Photographie,Plaques de verres,Archives de Kernuz.,entre 1890 et 1911,20ème siècle,100 J,30/5,AD29,Archives départementales du Finistère,https://recherche.archives.finistere.fr/archives/show/FRAD029_00000100J_de-1667,OUI,VALIDE,,,,,,,
121,,A définir,"Cliché issu de la boite 30, vue 6",,Paul ou Armand du Chatellier,,Photographie,Plaques de verres,Archives de Kernuz.,entre 1890 et 1911,20ème siècle,100 J,30/7,AD29,Archives départementales du Finistère,https://recherche.archives.finistere.fr/archives/show/FRAD029_00000100J_de-1667,OUI,GEOLOC_DIF,,,,,,,
122,,Cale à l'intérieur du port de Lampaul,"Cliché issu de la boite 30, vue 7",,Paul ou Armand du Chatellier,,Photographie,Plaques de verres,Archives de Kernuz.,entre 1890 et 1911,20ème siècle,100 J,30/8,AD29,Archives départementales du Finistère,https://recherche.archives.finistere.fr/archives/show/FRAD029_00000100J_de-1667,OUI,VALIDE,,,,,,,
123,,Baie de Béninou depuis Kadoran,"Cliché issu de la boite 30, vue 8",,Paul ou Armand du Chatellier,,Photographie,Plaques de verres,Archives de Kernuz.,entre 1890 et 1911,20ème siècle,100 J,30/9,AD29,Archives départementales du Finistère,https://recherche.archives.finistere.fr/archives/show/FRAD029_00000100J_de-1667,OUI,VALIDE,,,,,,,
124,,Bouguézen,"Cliché issu de la boite 30, vue 9",,Paul ou Armand du Chatellier,,Photographie,Plaques de verres,Archives de Kernuz.,entre 1890 et 1911,20ème siècle,100 J,30/13,AD29,Archives départementales du Finistère,https://recherche.archives.finistere.fr/archives/show/FRAD029_00000100J_de-1667,OUI,VALIDE,,,,,,,
125,,Port de Calgrac'h et Keller,"Cliché issu de la boite 30, vue 13",,Paul ou Armand du Chatellier,,Photographie,Plaques de verres,Archives de Kernuz.,entre 1890 et 1911,20ème siècle,100 J,,AD29,Archives départementales du Finistère,https://recherche.archives.finistere.fr/archives/show/FRAD029_00000100J_de-1667,OUI,VALIDE,,,,,,,
126,"PHARE DU CREAC'H, OUESSANT",,,"Photographies de plusieurs phares, de la série Les travaux publics de la France.",Jules Duclos,,Photographie,,Tirages photographiques au format inférieur à 24 x 30 cm,1883,19ème siècle,4 Fi 849 4,,AD29,Archives départementales du Finistère,https://recherche.archives.finistere.fr/archives/show/FRAD029_0000004FI_de-849,OUI,VALIDE,,,,,,,
127,"PHARE DU STIFF, OUESSANT",,,"Photographies de plusieurs phares, de la série Les travaux publics de la France.",Jules Duclos,,Photographie,,Tirages photographiques au format inférieur à 24 x 30 cm,1883,19ème siècle,4 Fi 849 5,,AD29,Archives départementales du Finistère,https://recherche.archives.finistere.fr/archives/show/FRAD029_0000004FI_de-849,OUI,VALIDE,,,,,,,
128,Le port de Lampaul à marée basse,,Vue 129,Album de photographies consacrée à la Bretagne.,,,Photographie,,Tirages photographiques au format inférieur à 24 x 30 cm,25-05-1934,20ème siècle,4 Fi 850 129,,AD29,Archives départementales du Finistère,https://recherche.archives.finistere.fr/archives/show/FRAD029_0000004FI_de-850,OUI,VALIDE,,,,,,,
129,L'entrée du port de LAMPAUL,,Vue 130,Album de photographies consacrée à la Bretagne.,,,Photographie,,Tirages photographiques au format inférieur à 24 x 30 cm,25-05-1934,20ème siècle,4 Fi 850 130,,AD29,Archives départementales du Finistère,https://recherche.archives.finistere.fr/archives/show/FRAD029_0000004FI_de-850,OUI,VALIDE,,,,,,,
130,Paysage type,,Vue 131,Album de photographies consacrée à la Bretagne.,,,Photographie,,Tirages photographiques au format inférieur à 24 x 30 cm,25-05-1934,20ème siècle,4 Fi 850 131,,AD29,Archives départementales du Finistère,https://recherche.archives.finistere.fr/archives/show/FRAD029_0000004FI_de-850,OUI,GEOLOC_POS,,,,,,,
131,La Lande,,Vue 132,Album de photographies consacrée à la Bretagne.,,,Photographie,,Tirages photographiques au format inférieur à 24 x 30 cm,25-05-1934,20ème siècle,4 Fi 850 132,,AD29,Archives départementales du Finistère,https://recherche.archives.finistere.fr/archives/show/FRAD029_0000004FI_de-850,OUI,GEOLOC_POS,,,,,,,
132,La côte océane,Côte vers le Créac'h,Vue 133,Album de photographies consacrée à la Bretagne.,,,Photographie,,Tirages photographiques au format inférieur à 24 x 30 cm,25-05-1934,20ème siècle,4 Fi 850 133,,AD29,Archives départementales du Finistère,https://recherche.archives.finistere.fr/archives/show/FRAD029_0000004FI_de-850,OUI,GEOLOC_POS,,,,,,,
133,Les roches du Créac'h,Partie ouest du massif de rochers du roi Gralon,Vue 134,Album de photographies consacrée à la Bretagne.,,,Photographie,,Tirages photographiques au format inférieur à 24 x 30 cm,25-05-1934,20ème siècle,4 Fi 850 134,,AD29,Archives départementales du Finistère,https://recherche.archives.finistere.fr/archives/show/FRAD029_0000004FI_de-850,OUI,VALIDE,,,,,,,
134,Cailloux,Le roi Gralon,Vue 135,Album de photographies consacrée à la Bretagne.,,,Photographie,,Tirages photographiques au format inférieur à 24 x 30 cm,25-05-1934,20ème siècle,4 Fi 850 135,,AD29,Archives départementales du Finistère,https://recherche.archives.finistere.fr/archives/show/FRAD029_0000004FI_de-850,OUI,VALIDE,,,,,,,
135,L'épave disloquée de « L'Olympic Bravery » sur les récifs d'Ouessant,,,,,,Photographie aérienne oblique,,Tirages photographiques au format inférieur à 24 x 30 cm,1976,20ème siècle,4 Fi 787,,AD29,Archives départementales du Finistère,https://recherche.archives.finistere.fr/archives/show/FRAD029_0000004FI_de-787,OUI,VALIDE,,,,,,,
136,"Arrivée de l'""Enez-Eussa"" qui effectue la liaison avec les îles de Ouessant et Molène.",,,,,,Photographie,,Documents imprimés : format inférieur à 24x30 cm,v. 1960,20ème siècle,2Fi03410,,AMBrest,Archives municipales de Brest,https://archives.mairie-brest.fr/4DCGI/Web_VoirLaNotice/34_01/2Fi03410/ILUMP9622,OUI,VALIDE,,,,,,,
,,,,,,,,,,,,,,,,,,,,,,,,,
,,,,,,,,,,,,,,,,,,,,,,,,,
,,,,,,,,,,,,,,,,,,,,,,,,,
,,,,,,,,,,,,,,,,,,,,,,,,,
,,,,,,,,,,,,,,,,,,,,,,,,,
,,,,,,,,,,,,,,,,,,,,,,,,,
,,,,,,,,,,,,,,,,,,,,,,,,,
,,,,,,,,,,,,,,,,,,,,,,,,,
,,,,,,,,,,,,,,,,,,,,,,,,,
,,,,,,,,,,,,,,,,,,,,,,,,,
,,,,,,,,,,,,,,,,,,,,,,,,,
,,,,,,,,,,,,,,,,,,,,,,,,,
,,,,,,,,,Fonds Caoudal : photographies des éditions YCA Finistère. Ouessant.,,https://recherche.archives.finistere.fr/archives/search/default/%252A%253A%252A/2,,,,,,,,,,,,,,